year,tons_export,value_export,tmiles_export,wgt_dist_export,tons_import,value_import,tmiles_import,wgt_dist_import,Trade Deficit
2012.0,347433.6949751261,208694.76333842456,108735.14870358561,8092737.627599999,294178.49391799164,195740.26631653955,55019.76482124621,6682511.977199999,12954.497021884987
2013.0,229233.3356,119001.2299,57471.1066,4393013.17,196585.1726,109684.3006,30066.441400000003,4439944.540399999,9316.929300000002
2014.0,245828.73709999997,124447.7801,59439.635899999994,4552839.6975,214002.56240000002,115079.06259999999,31199.573099999998,4445681.2974000005,9368.717499999997
2015.0,224223.4115,120242.28039999999,56188.2693,4869156.1404,194879.6577,112151.86170000001,30645.570899999995,4567592.0821,8090.418700000001
2016.0,249514.56869999997,128586.23190000004,63157.06790000002,4899005.447900001,212803.54330000002,117920.0197,32425.8234,4364695.017599999,10666.212199999996
2017.0,245496.42879999994,129290.7818,61843.264200000005,5014793.624399999,210128.2596,118234.93420000002,32189.909700000004,4688376.6653,11055.847600000005
2018.0,255995.83859999996,134148.6286,65022.967399999994,5144014.5550999995,217644.3437,121617.86499999998,32963.899699999994,4786777.8994,12530.7636
